{
    "clients": [
        {
            "clientID": "c01",
            "firstName": "Maggie",
            "lastName": "Hamilton",
            "phoneNumber": "0438993883",
            "email": "maggie.hamilton@gmail.com",
            "address": 74947,
            "activeJobs": [
                {
                    "requestID": "r07",
                    "serviceType": "Painting",
                    "jobDescription": "Exterior Painting",
                    "address": 74947,
                    "quotedCost": "$790.89"
                },
                {
                    "requestID": "r61",
                    "serviceType": "Painting",
                    "jobDescription": "Fence Painting",
                    "address": 74947,
                    "quotedCost": "$422.28"
                }
            ],
            "completedJobs": [],
            "password": "MaggieHamilton",
            "membership": false,
            "wallet": 1000
        },
        {
            "clientID": "c02",
            "firstName": "Molly",
            "lastName": "Wright",
            "phoneNumber": "0431831138",
            "email": "molly.wright@gmail.com",
            "address": 78162,
            "activeJobs": [
                {
                    "requestID": "r92",
                    "serviceType": "Landscaping",
                    "jobDescription": "Weeding",
                    "address": 78162,
                    "quotedCost": "$54.92"
                }
            ],
            "completedJobs": [],
            "password": "MollyWright",
            "membership": false,
            "wallet": 1000
        },
        {
            "clientID": "c03",
            "firstName": "Oscar",
            "lastName": "James",
            "phoneNumber": "0417171529",
            "email": "oscar.james@outlook.com",
            "address": 9585,
            "activeJobs": [
                {
                    "requestID": "r16",
                    "serviceType": "Landscaping",
                    "jobDescription": "Hedge Trimming",
                    "address": 9585,
                    "quotedCost": "$699.36"
                },
                {
                    "requestID": "r80",
                    "serviceType": "Landscaping",
                    "jobDescription": "Pruning",
                    "address": 9585,
                    "quotedCost": "$263.55"
                },
                {
                    "requestID": "r88",
                    "serviceType": "Painting",
                    "jobDescription": "Fence Painting",
                    "address": 9585,
                    "quotedCost": "$200.27"
                },
                {
                    "requestID": "r89",
                    "serviceType": "Electrical",
                    "jobDescription": "Door Bell",
                    "address": 9585,
                    "quotedCost": "$859.14"
                }
            ],
            "completedJobs": [],
            "password": "OscarJames",
            "membership": false,
            "wallet": 1000
        },
        {
            "clientID": "c04",
            "firstName": "Isabella",
            "lastName": "Moore",
            "phoneNumber": "0440862393",
            "email": "isabella.moore@outlook.com",
            "address": 37351,
            "activeJobs": [
                {
                    "requestID": "r30",
                    "serviceType": "Painting",
                    "jobDescription": "Exterior Painting",
                    "address": 37351,
                    "quotedCost": "$2176.49"
                },
                {
                    "requestID": "r64",
                    "serviceType": "Painting",
                    "jobDescription": "Trim Painting",
                    "address": 37351,
                    "quotedCost": "$301.43"
                },
                {
                    "requestID": "r99",
                    "serviceType": "Painting",
                    "jobDescription": "Fence Painting",
                    "address": 37351,
                    "quotedCost": "$2976.95"
                }
            ],
            "completedJobs": [],
            "password": "IsabellaMoore",
            "membership": false,
            "wallet": 1000
        },
        {
            "clientID": "c05",
            "firstName": "Matilda",
            "lastName": "King",
            "phoneNumber": "0495043071",
            "email": "matilda.king@gmail.com",
            "address": 16214,
            "activeJobs": [
                {
                    "requestID": "r01",
                    "serviceType": "Carpentry",
                    "jobDescription": "Bed",
                    "address": 16214,
                    "quotedCost": "$1483.03"
                },
                {
                    "requestID": "r22",
                    "serviceType": "Carpentry",
                    "jobDescription": "Window & Curtain",
                    "address": 16214,
                    "quotedCost": "$984.20"
                }
            ],
            "completedJobs": [],
            "password": "MatildaKing",
            "membership": false,
            "wallet": 1000
        },
        {
            "clientID": "c06",
            "firstName": "Theodore",
            "lastName": "Campbell",
            "phoneNumber": "0430515378",
            "email": "theodore.campbell@hotmail.com",
            "address": 93548,
            "activeJobs": [
                {
                    "requestID": "r86",
                    "serviceType": "Carpentry",
                    "jobDescription": "Window & Curtain",
                    "address": 93548,
                    "quotedCost": "$495.86"
                }
            ],
            "completedJobs": [],
            "password": "TheodoreCampbell",
            "membership": false,
            "wallet": 1000
        },
        {
            "clientID": "c07",
            "firstName": "Freya",
            "lastName": "Smith",
            "phoneNumber": "0443222208",
            "email": "freya.smith@outlook.com",
            "address": 42603,
            "activeJobs": [
                {
                    "requestID": "r55",
                    "serviceType": "Plumbing",
                    "jobDescription": "Water Tank",
                    "address": 42603,
                    "quotedCost": "$237.28"
                }
            ],
            "completedJobs": [],
            "password": "FreyaSmith",
            "membership": false,
            "wallet": 1000
        },
        {
            "clientID": "c08",
            "firstName": "Nate",
            "lastName": "Hernandez",
            "phoneNumber": "0424495835",
            "email": "nate.hernandez@outlook.com",
            "address": 5360,
            "activeJobs": [
                {
                    "requestID": "r90",
                    "serviceType": "Carpentry",
                    "jobDescription": "Window & Curtain",
                    "address": 5360,
                    "quotedCost": "$1880.84"
                },
                {
                    "requestID": "r97",
                    "serviceType": "Electrical",
                    "jobDescription": "Appliances",
                    "address": 5360,
                    "quotedCost": "$724.01"
                }
            ],
            "completedJobs": [],
            "password": "NateHernandez",
            "membership": false,
            "wallet": 1000
        },
        {
            "clientID": "c09",
            "firstName": "Niamh",
            "lastName": "Allen",
            "phoneNumber": "0421112435",
            "email": "niamh.allen@outlook.com",
            "address": 76214,
            "activeJobs": [
                {
                    "requestID": "r11",
                    "serviceType": "Electrical",
                    "jobDescription": "MCB & Fuse",
                    "address": 76214,
                    "quotedCost": "$974.67"
                },
                {
                    "requestID": "r43",
                    "serviceType": "Carpentry",
                    "jobDescription": "Furniture Repair",
                    "address": 76214,
                    "quotedCost": "$205.97"
                },
                {
                    "requestID": "r65",
                    "serviceType": "Landscaping",
                    "jobDescription": "Lawn Mowing",
                    "address": 76214,
                    "quotedCost": "$922.54"
                },
                {
                    "requestID": "r67",
                    "serviceType": "Carpentry",
                    "jobDescription": "Furniture Repair",
                    "address": 76214,
                    "quotedCost": "$2487.06"
                }
            ],
            "completedJobs": [],
            "password": "NiamhAllen",
            "membership": false,
            "wallet": 1000
        },
        {
            "clientID": "c10",
            "firstName": "Georgia",
            "lastName": "White",
            "phoneNumber": "0472403543",
            "email": "georgia.white@hotmail.com",
            "address": 22602,
            "activeJobs": [],
            "completedJobs": [],
            "password": "GeorgiaWhite",
            "membership": false,
            "wallet": 1000
        },
        {
            "clientID": "c11",
            "firstName": "Zachary",
            "lastName": "Davis",
            "phoneNumber": "0472642890",
            "email": "zachary.davis@hotmail.com",
            "address": 95289,
            "activeJobs": [
                {
                    "requestID": "r18",
                    "serviceType": "Electrical",
                    "jobDescription": "Appliances",
                    "address": 95289,
                    "quotedCost": "$57.60"
                },
                {
                    "requestID": "r60",
                    "serviceType": "Electrical",
                    "jobDescription": "MCB & Fuse",
                    "address": 95289,
                    "quotedCost": "$1052.80"
                },
                {
                    "requestID": "r70",
                    "serviceType": "Plumbing",
                    "jobDescription": "Water Tank",
                    "address": 95289,
                    "quotedCost": "$734.28"
                }
            ],
            "completedJobs": [],
            "password": "ZacharyDavis",
            "membership": false,
            "wallet": 1000
        },
        {
            "clientID": "c12",
            "firstName": "Lola",
            "lastName": "Evans",
            "phoneNumber": "0440418269",
            "email": "lola.evans@hotmail.com",
            "address": 11983,
            "activeJobs": [
                {
                    "requestID": "r34",
                    "serviceType": "Painting",
                    "jobDescription": "Ceiling Painting",
                    "address": 11983,
                    "quotedCost": "$67.03"
                },
                {
                    "requestID": "r96",
                    "serviceType": "Carpentry",
                    "jobDescription": "Cupboard & Drawer",
                    "address": 11983,
                    "quotedCost": "$47.25"
                }
            ],
            "completedJobs": [],
            "password": "LolaEvans",
            "membership": false,
            "wallet": 1000
        },
        {
            "clientID": "c13",
            "firstName": "Aiden",
            "lastName": "Scott",
            "phoneNumber": "0478892174",
            "email": "aiden.scott@hotmail.com",
            "address": 33609,
            "activeJobs": [],
            "completedJobs": [],
            "password": "AidenScott",
            "membership": false,
            "wallet": 1000
        },
        {
            "clientID": "c14",
            "firstName": "Isla",
            "lastName": "Taylor",
            "phoneNumber": "0473072510",
            "email": "isla.taylor@outlook.com",
            "address": 84380,
            "activeJobs": [
                {
                    "requestID": "r51",
                    "serviceType": "Plumbing",
                    "jobDescription": "Bath Fittings",
                    "address": 84380,
                    "quotedCost": "$355.99"
                },
                {
                    "requestID": "r69",
                    "serviceType": "Landscaping",
                    "jobDescription": "Lawn Mowing",
                    "address": 84380,
                    "quotedCost": "$845.88"
                }
            ],
            "completedJobs": [],
            "password": "IslaTaylor",
            "membership": false,
            "wallet": 1000
        },
        {
            "clientID": "c15",
            "firstName": "Aria",
            "lastName": "Brown",
            "phoneNumber": "0423842445",
            "email": "aria.brown@gmail.com",
            "address": 67237,
            "activeJobs": [
                {
                    "requestID": "r77",
                    "serviceType": "Painting",
                    "jobDescription": "Wall Painting",
                    "address": 67237,
                    "quotedCost": "$911.48"
                }
            ],
            "completedJobs": [],
            "password": "AriaBrown",
            "membership": false,
            "wallet": 1000
        },
        {
            "clientID": "c16",
            "firstName": "Lincoln",
            "lastName": "Wilson",
            "phoneNumber": "0416863377",
            "email": "lincoln.wilson@gmail.com",
            "address": 57982,
            "activeJobs": [
                {
                    "requestID": "r33",
                    "serviceType": "Plumbing",
                    "jobDescription": "Bath Fittings",
                    "address": 57982,
                    "quotedCost": "$531.75"
                },
                {
                    "requestID": "r74",
                    "serviceType": "Electrical",
                    "jobDescription": "Appliances",
                    "address": 57982,
                    "quotedCost": "$891.37"
                }
            ],
            "completedJobs": [],
            "password": "LincolnWilson",
            "membership": false,
            "wallet": 1000
        },
        {
            "clientID": "c17",
            "firstName": "Lily",
            "lastName": "Green",
            "phoneNumber": "0474011818",
            "email": "lily.green@outlook.com",
            "address": 64085,
            "activeJobs": [
                {
                    "requestID": "r23",
                    "serviceType": "Plumbing",
                    "jobDescription": "Basin & Sink",
                    "address": 64085,
                    "quotedCost": "$258.36"
                },
                {
                    "requestID": "r36",
                    "serviceType": "Painting",
                    "jobDescription": "Trim Painting",
                    "address": 64085,
                    "quotedCost": "$93.70"
                },
                {
                    "requestID": "r95",
                    "serviceType": "Painting",
                    "jobDescription": "Trim Painting",
                    "address": 64085,
                    "quotedCost": "$479.97"
                }
            ],
            "completedJobs": [],
            "password": "LilyGreen",
            "membership": false,
            "wallet": 1000
        },
        {
            "clientID": "c18",
            "firstName": "Caleb",
            "lastName": "Clarke",
            "phoneNumber": "0441067365",
            "email": "caleb.clarke@gmail.com",
            "address": 91226,
            "activeJobs": [
                {
                    "requestID": "r28",
                    "serviceType": "Carpentry",
                    "jobDescription": "Door",
                    "address": 91226,
                    "quotedCost": "$406.33"
                },
                {
                    "requestID": "r29",
                    "serviceType": "Carpentry",
                    "jobDescription": "Door",
                    "address": 91226,
                    "quotedCost": "$884.80"
                },
                {
                    "requestID": "r81",
                    "serviceType": "Plumbing",
                    "jobDescription": "Basin & Sink",
                    "address": 91226,
                    "quotedCost": "$840.54"
                },
                {
                    "requestID": "r84",
                    "serviceType": "Electrical",
                    "jobDescription": "MCB & Fuse",
                    "address": 91226,
                    "quotedCost": "$877.76"
                }
            ],
            "completedJobs": [],
            "password": "CalebClarke",
            "membership": false,
            "wallet": 1000
        },
        {
            "clientID": "c19",
            "firstName": "Violet",
            "lastName": "Mitchell",
            "phoneNumber": "0416839692",
            "email": "violet.mitchell@outlook.com",
            "address": 83693,
            "activeJobs": [
                {
                    "requestID": "r05",
                    "serviceType": "Painting",
                    "jobDescription": "Trim Painting",
                    "address": 83693,
                    "quotedCost": "$392.85"
                },
                {
                    "requestID": "r46",
                    "serviceType": "Plumbing",
                    "jobDescription": "Bath Fittings",
                    "address": 83693,
                    "quotedCost": "$218.47"
                },
                {
                    "requestID": "r50",
                    "serviceType": "Painting",
                    "jobDescription": "Fence Painting",
                    "address": 83693,
                    "quotedCost": "$672.19"
                }
            ],
            "completedJobs": [],
            "password": "VioletMitchell",
            "membership": false,
            "wallet": 1000
        },
        {
            "clientID": "c20",
            "firstName": "Elijah",
            "lastName": "Baker",
            "phoneNumber": "0423212440",
            "email": "elijah.baker@gmail.com",
            "address": 38074,
            "activeJobs": [
                {
                    "requestID": "r04",
                    "serviceType": "Plumbing",
                    "jobDescription": "Toilet",
                    "address": 38074,
                    "quotedCost": "$677.70"
                },
                {
                    "requestID": "r68",
                    "serviceType": "Landscaping",
                    "jobDescription": "Hedge Trimming",
                    "address": 38074,
                    "quotedCost": "$2905.24"
                }
            ],
            "completedJobs": [],
            "password": "ElijahBaker",
            "membership": false,
            "wallet": 1000
        },
        {
            "clientID": "c21",
            "firstName": "Hazel",
            "lastName": "Lee",
            "phoneNumber": "0499607761",
            "email": "hazel.lee@hotmail.com",
            "address": 24547,
            "activeJobs": [
                {
                    "requestID": "r12",
                    "serviceType": "Electrical",
                    "jobDescription": "Wiring",
                    "address": 24547,
                    "quotedCost": "$712.49"
                },
                {
                    "requestID": "r14",
                    "serviceType": "Carpentry",
                    "jobDescription": "Cupboard & Drawer",
                    "address": 24547,
                    "quotedCost": "$796.50"
                },
                {
                    "requestID": "r93",
                    "serviceType": "Painting",
                    "jobDescription": "Trim Painting",
                    "address": 24547,
                    "quotedCost": "$275.92"
                }
            ],
            "completedJobs": [],
            "password": "HazelLee",
            "membership": false,
            "wallet": 1000
        },
        {
            "clientID": "c22",
            "firstName": "Jaxon",
            "lastName": "Lewis",
            "phoneNumber": "0411733831",
            "email": "jaxon.lewis@hotmail.com",
            "address": 29498,
            "activeJobs": [
                {
                    "requestID": "r15",
                    "serviceType": "Plumbing",
                    "jobDescription": "Toilet",
                    "address": 29498,
                    "quotedCost": "$749.56"
                },
                {
                    "requestID": "r26",
                    "serviceType": "Electrical",
                    "jobDescription": "Wiring",
                    "address": 29498,
                    "quotedCost": "$3173.61"
                },
                {
                    "requestID": "r71",
                    "serviceType": "Electrical",
                    "jobDescription": "MCB & Fuse",
                    "address": 29498,
                    "quotedCost": "$972.36"
                }
            ],
            "completedJobs": [],
            "password": "JaxonLewis",
            "membership": false,
            "wallet": 1000
        },
        {
            "clientID": "c23",
            "firstName": "Charlotte",
            "lastName": "Turner",
            "phoneNumber": "0421733407",
            "email": "charlotte.turner@gmail.com",
            "address": 59798,
            "activeJobs": [
                {
                    "requestID": "r41",
                    "serviceType": "Painting",
                    "jobDescription": "Ceiling Painting",
                    "address": 59798,
                    "quotedCost": "$184.55"
                }
            ],
            "completedJobs": [],
            "password": "CharlotteTurner",
            "membership": false,
            "wallet": 1000
        },
        {
            "clientID": "c24",
            "firstName": "Felix",
            "lastName": "Hall",
            "phoneNumber": "0453155670",
            "email": "felix.hall@gmail.com",
            "address": 46789,
            "activeJobs": [
                {
                    "requestID": "r48",
                    "serviceType": "Painting",
                    "jobDescription": "Wall Painting",
                    "address": 46789,
                    "quotedCost": "$772.77"
                }
            ],
            "completedJobs": [],
            "password": "FelixHall",
            "membership": false,
            "wallet": 1000
        },
        {
            "clientID": "c25",
            "firstName": "Lucy",
            "lastName": "Campbell",
            "phoneNumber": "0437124541",
            "email": "lucy.campbell@outlook.com",
            "address": 17139,
            "activeJobs": [
                {
                    "requestID": "r25",
                    "serviceType": "Electrical",
                    "jobDescription": "Wiring",
                    "address": 17139,
                    "quotedCost": "$278.80"
                },
                {
                    "requestID": "r37",
                    "serviceType": "Landscaping",
                    "jobDescription": "Pruning",
                    "address": 17139,
                    "quotedCost": "$1950.10"
                },
                {
                    "requestID": "r57",
                    "serviceType": "Carpentry",
                    "jobDescription": "Door",
                    "address": 17139,
                    "quotedCost": "$405.11"
                }
            ],
            "completedJobs": [],
            "password": "LucyCampbell",
            "membership": false,
            "wallet": 1000
        },
        {
            "clientID": "c26",
            "firstName": "Levi",
            "lastName": "Young",
            "phoneNumber": "0461797263",
            "email": "levi.young@gmail.com",
            "address": 9023,
            "activeJobs": [
                {
                    "requestID": "r45",
                    "serviceType": "Carpentry",
                    "jobDescription": "Window & Curtain",
                    "address": 9023,
                    "quotedCost": "$764.44"
                },
                {
                    "requestID": "r47",
                    "serviceType": "Painting",
                    "jobDescription": "Wall Painting",
                    "address": 9023,
                    "quotedCost": "$600.23"
                }
            ],
            "completedJobs": [],
            "password": "LeviYoung",
            "membership": false,
            "wallet": 1000
        },
        {
            "clientID": "c27",
            "firstName": "Sophie",
            "lastName": "Phillips",
            "phoneNumber": "0441872532",
            "email": "sophie.phillips@hotmail.com",
            "address": 13625,
            "activeJobs": [
                {
                    "requestID": "r85",
                    "serviceType": "Landscaping",
                    "jobDescription": "Weeding",
                    "address": 13625,
                    "quotedCost": "$210.76"
                }
            ],
            "completedJobs": [],
            "password": "SophiePhillips",
            "membership": false,
            "wallet": 1000
        },
        {
            "clientID": "c28",
            "firstName": "Oliver",
            "lastName": "Ross",
            "phoneNumber": "0458581565",
            "email": "oliver.ross@hotmail.com",
            "address": 63894,
            "activeJobs": [
                {
                    "requestID": "r03",
                    "serviceType": "Electrical",
                    "jobDescription": "Switch and Socket",
                    "address": 63894,
                    "quotedCost": "$506.85"
                }
            ],
            "completedJobs": [],
            "password": "OliverRoss",
            "membership": false,
            "wallet": 1000
        },
        {
            "clientID": "c29",
            "firstName": "Eva",
            "lastName": "Martin",
            "phoneNumber": "0439354756",
            "email": "eva.martin@outlook.com",
            "address": 21291,
            "activeJobs": [
                {
                    "requestID": "r27",
                    "serviceType": "Painting",
                    "jobDescription": "Exterior Painting",
                    "address": 21291,
                    "quotedCost": "$507.92"
                }
            ],
            "completedJobs": [],
            "password": "EvaMartin",
            "membership": false,
            "wallet": 1000
        },
        {
            "clientID": "c30",
            "firstName": "Mason",
            "lastName": "Bell",
            "phoneNumber": "0413776707",
            "email": "mason.bell@gmail.com",
            "address": 9085,
            "activeJobs": [
                {
                    "requestID": "r35",
                    "serviceType": "Painting",
                    "jobDescription": "Exterior Painting",
                    "address": 9085,
                    "quotedCost": "$634.36"
                },
                {
                    "requestID": "r83",
                    "serviceType": "Painting",
                    "jobDescription": "Exterior Painting",
                    "address": 9085,
                    "quotedCost": "$683.77"
                }
            ],
            "completedJobs": [],
            "password": "MasonBell",
            "membership": false,
            "wallet": 1000
        },
        {
            "clientID": "c31",
            "firstName": "Ivy",
            "lastName": "Anderson",
            "phoneNumber": "0472203037",
            "email": "ivy.anderson@gmail.com",
            "address": 44001,
            "activeJobs": [
                {
                    "requestID": "r100",
                    "serviceType": "Landscaping",
                    "jobDescription": "Lawn Mowing",
                    "address": 44001,
                    "quotedCost": "$554.09"
                }
            ],
            "completedJobs": [],
            "password": "IvyAnderson",
            "membership": false,
            "wallet": 1000
        },
        {
            "clientID": "c32",
            "firstName": "Cooper",
            "lastName": "Parker",
            "phoneNumber": "0448666134",
            "email": "cooper.parker@outlook.com",
            "address": 19660,
            "activeJobs": [
                {
                    "requestID": "r02",
                    "serviceType": "Plumbing",
                    "jobDescription": "Water Tank",
                    "address": 19660,
                    "quotedCost": "$642.28"
                },
                {
                    "requestID": "r59",
                    "serviceType": "Carpentry",
                    "jobDescription": "Door",
                    "address": 19660,
                    "quotedCost": "$3422.61"
                }
            ],
            "completedJobs": [],
            "password": "CooperParker",
            "membership": false,
            "wallet": 1000
        },
        {
            "clientID": "c33",
            "firstName": "Harper",
            "lastName": "Morris",
            "phoneNumber": "0444356488",
            "email": "harper.morris@outlook.com",
            "address": 87609,
            "activeJobs": [
                {
                    "requestID": "r17",
                    "serviceType": "Carpentry",
                    "jobDescription": "Furniture Repair",
                    "address": 87609,
                    "quotedCost": "$829.02"
                },
                {
                    "requestID": "r58",
                    "serviceType": "Carpentry",
                    "jobDescription": "Furniture Repair",
                    "address": 87609,
                    "quotedCost": "$534.51"
                },
                {
                    "requestID": "r91",
                    "serviceType": "Landscaping",
                    "jobDescription": "Pruning",
                    "address": 87609,
                    "quotedCost": "$143.14"
                }
            ],
            "completedJobs": [],
            "password": "HarperMorris",
            "membership": false,
            "wallet": 1000
        },
        {
            "clientID": "c34",
            "firstName": "Ryder",
            "lastName": "Kelly",
            "phoneNumber": "0475851688",
            "email": "ryder.kelly@gmail.com",
            "address": 18410,
            "activeJobs": [
                {
                    "requestID": "r39",
                    "serviceType": "Landscaping",
                    "jobDescription": "Lawn Mowing",
                    "address": 18410,
                    "quotedCost": "$243.42"
                },
                {
                    "requestID": "r52",
                    "serviceType": "Painting",
                    "jobDescription": "Exterior Painting",
                    "address": 18410,
                    "quotedCost": "$786.21"
                },
                {
                    "requestID": "r73",
                    "serviceType": "Landscaping",
                    "jobDescription": "Pruning",
                    "address": 18410,
                    "quotedCost": "$1678.48"
                },
                {
                    "requestID": "r78",
                    "serviceType": "Painting",
                    "jobDescription": "Exterior Painting",
                    "address": 18410,
                    "quotedCost": "$73.58"
                }
            ],
            "completedJobs": [],
            "password": "RyderKelly",
            "membership": false,
            "wallet": 1000
        },
        {
            "clientID": "c35",
            "firstName": "Nora",
            "lastName": "Roberts",
            "phoneNumber": "0443919162",
            "email": "nora.roberts@hotmail.com",
            "address": 74286,
            "activeJobs": [],
            "completedJobs": [],
            "password": "NoraRoberts",
            "membership": false,
            "wallet": 1000
        },
        {
            "clientID": "c36",
            "firstName": "Jackson",
            "lastName": "Cook",
            "phoneNumber": "0456991606",
            "email": "jackson.cook@hotmail.com",
            "address": 6529,
            "activeJobs": [
                {
                    "requestID": "r63",
                    "serviceType": "Carpentry",
                    "jobDescription": "Window & Curtain",
                    "address": 6529,
                    "quotedCost": "$1499.29"
                }
            ],
            "completedJobs": [],
            "password": "JacksonCook",
            "membership": false,
            "wallet": 1000
        },
        {
            "clientID": "c37",
            "firstName": "Ruby",
            "lastName": "Nelson",
            "phoneNumber": "0449660333",
            "email": "ruby.nelson@outlook.com",
            "address": 88554,
            "activeJobs": [
                {
                    "requestID": "r66",
                    "serviceType": "Plumbing",
                    "jobDescription": "Leakages",
                    "address": 88554,
                    "quotedCost": "$827.79"
                }
            ],
            "completedJobs": [],
            "password": "RubyNelson",
            "membership": false,
            "wallet": 1000
        },
        {
            "clientID": "c38",
            "firstName": "Harrison",
            "lastName": "Wright",
            "phoneNumber": "0487362737",
            "email": "harrison.wright@hotmail.com",
            "address": 12264,
            "activeJobs": [
                {
                    "requestID": "r13",
                    "serviceType": "Electrical",
                    "jobDescription": "MCB & Fuse",
                    "address": 12264,
                    "quotedCost": "$751.26"
                },
                {
                    "requestID": "r56",
                    "serviceType": "Electrical",
                    "jobDescription": "Wiring",
                    "address": 12264,
                    "quotedCost": "$95.97"
                }
            ],
            "completedJobs": [],
            "password": "HarrisonWright",
            "membership": false,
            "wallet": 1000
        },
        {
            "clientID": "c39",
            "firstName": "Scarlett",
            "lastName": "Cox",
            "phoneNumber": "0466592349",
            "email": "scarlett.cox@outlook.com",
            "address": 90478,
            "activeJobs": [
                {
                    "requestID": "r19",
                    "serviceType": "Plumbing",
                    "jobDescription": "Water Tank",
                    "address": 90478,
                    "quotedCost": "$88.31"
                }
            ],
            "completedJobs": [],
            "password": "ScarlettCox",
            "membership": false,
            "wallet": 1000
        },
        {
            "clientID": "c40",
            "firstName": "Hunter",
            "lastName": "Parker",
            "phoneNumber": "0412312039",
            "email": "hunter.parker@hotmail.com",
            "address": 99449,
            "activeJobs": [
                {
                    "requestID": "r42",
                    "serviceType": "Electrical",
                    "jobDescription": "Switch and Socket",
                    "address": 99449,
                    "quotedCost": "$429.87"
                },
                {
                    "requestID": "r72",
                    "serviceType": "Carpentry",
                    "jobDescription": "Bed",
                    "address": 99449,
                    "quotedCost": "$2897.31"
                }
            ],
            "completedJobs": [],
            "password": "HunterParker",
            "membership": false,
            "wallet": 1000
        },
        {
            "clientID": "c41",
            "firstName": "Alice",
            "lastName": "Reed",
            "phoneNumber": "0432249509",
            "email": "alice.reed@hotmail.com",
            "address": 67657,
            "activeJobs": [
                {
                    "requestID": "r32",
                    "serviceType": "Landscaping",
                    "jobDescription": "Hedge Trimming",
                    "address": 67657,
                    "quotedCost": "$969.30"
                },
                {
                    "requestID": "r44",
                    "serviceType": "Carpentry",
                    "jobDescription": "Window & Curtain",
                    "address": 67657,
                    "quotedCost": "$72.15"
                }
            ],
            "completedJobs": [],
            "password": "AliceReed",
            "membership": false,
            "wallet": 1000
        },
        {
            "clientID": "c42",
            "firstName": "Ethan",
            "lastName": "Bailey",
            "phoneNumber": "0459417438",
            "email": "ethan.bailey@hotmail.com",
            "address": 2655,
            "activeJobs": [
                {
                    "requestID": "r31",
                    "serviceType": "Carpentry",
                    "jobDescription": "Bed",
                    "address": 2655,
                    "quotedCost": "$78.83"
                },
                {
                    "requestID": "r40",
                    "serviceType": "Electrical",
                    "jobDescription": "Appliances",
                    "address": 2655,
                    "quotedCost": "$137.13"
                }
            ],
            "completedJobs": [],
            "password": "EthanBailey",
            "membership": false,
            "wallet": 1000
        },
        {
            "clientID": "c43",
            "firstName": "Zara",
            "lastName": "Collins",
            "phoneNumber": "0419618849",
            "email": "zara.collins@gmail.com",
            "address": 31168,
            "activeJobs": [
                {
                    "requestID": "r09",
                    "serviceType": "Carpentry",
                    "jobDescription": "Door",
                    "address": 31168,
                    "quotedCost": "$442.34"
                },
                {
                    "requestID": "r54",
                    "serviceType": "Electrical",
                    "jobDescription": "MCB & Fuse",
                    "address": 31168,
                    "quotedCost": "$223.20"
                },
                {
                    "requestID": "r62",
                    "serviceType": "Landscaping",
                    "jobDescription": "Pruning",
                    "address": 31168,
                    "quotedCost": "$165.49"
                }
            ],
            "completedJobs": [],
            "password": "ZaraCollins",
            "membership": false,
            "wallet": 1000
        },
        {
            "clientID": "c44",
            "firstName": "Dylan",
            "lastName": "Cooper",
            "phoneNumber": "0440440412",
            "email": "dylan.cooper@outlook.com",
            "address": 40999,
            "activeJobs": [
                {
                    "requestID": "r10",
                    "serviceType": "Plumbing",
                    "jobDescription": "Bath Fittings",
                    "address": 40999,
                    "quotedCost": "$2830.90"
                },
                {
                    "requestID": "r76",
                    "serviceType": "Painting",
                    "jobDescription": "Exterior Painting",
                    "address": 40999,
                    "quotedCost": "$812.65"
                }
            ],
            "completedJobs": [],
            "password": "DylanCooper",
            "membership": false,
            "wallet": 1000
        },
        {
            "clientID": "c45",
            "firstName": "Sadie",
            "lastName": "Hughes",
            "phoneNumber": "0452757537",
            "email": "sadie.hughes@gmail.com",
            "address": 94122,
            "activeJobs": [
                {
                    "requestID": "r82",
                    "serviceType": "Landscaping",
                    "jobDescription": "Landscape Design",
                    "address": 94122,
                    "quotedCost": "$93.69"
                }
            ],
            "completedJobs": [],
            "password": "SadieHughes",
            "membership": false,
            "wallet": 1000
        },
        {
            "clientID": "c46",
            "firstName": "Max",
            "lastName": "Wood",
            "phoneNumber": "0456228811",
            "email": "max.wood@gmail.com",
            "address": 36875,
            "activeJobs": [
                {
                    "requestID": "r87",
                    "serviceType": "Landscaping",
                    "jobDescription": "Landscape Design",
                    "address": 36875,
                    "quotedCost": "$2789.33"
                },
                {
                    "requestID": "r94",
                    "serviceType": "Electrical",
                    "jobDescription": "Wiring",
                    "address": 36875,
                    "quotedCost": "$2006.57"
                }
            ],
            "completedJobs": [],
            "password": "MaxWood",
            "membership": false,
            "wallet": 1000
        },
        {
            "clientID": "c47",
            "firstName": "Chloe",
            "lastName": "Gray",
            "phoneNumber": "0421174343",
            "email": "chloe.gray@hotmail.com",
            "address": 47493,
            "activeJobs": [
                {
                    "requestID": "r53",
                    "serviceType": "Carpentry",
                    "jobDescription": "Furniture Repair",
                    "address": 47493,
                    "quotedCost": "$416.61"
                },
                {
                    "requestID": "r79",
                    "serviceType": "Plumbing",
                    "jobDescription": "Leakages",
                    "address": 47493,
                    "quotedCost": "$519.26"
                }
            ],
            "completedJobs": [],
            "password": "ChloeGray",
            "membership": false,
            "wallet": 1000
        },
        {
            "clientID": "c48",
            "firstName": "Wyatt",
            "lastName": "Adams",
            "phoneNumber": "0463901756",
            "email": "wyatt.adams@gmail.com",
            "address": 23868,
            "activeJobs": [
                {
                    "requestID": "r08",
                    "serviceType": "Carpentry",
                    "jobDescription": "Window & Curtain",
                    "address": 23868,
                    "quotedCost": "$719.23"
                },
                {
                    "requestID": "r24",
                    "serviceType": "Landscaping",
                    "jobDescription": "Weeding",
                    "address": 23868,
                    "quotedCost": "$3212.50"
                },
                {
                    "requestID": "r49",
                    "serviceType": "Painting",
                    "jobDescription": "Fence Painting",
                    "address": 23868,
                    "quotedCost": "$880.33"
                },
                {
                    "requestID": "r98",
                    "serviceType": "Plumbing",
                    "jobDescription": "Toilet",
                    "address": 23868,
                    "quotedCost": "$826.45"
                }
            ],
            "completedJobs": [],
            "password": "WyattAdams",
            "membership": false,
            "wallet": 1000
        },
        {
            "clientID": "c49",
            "firstName": "Ella",
            "lastName": "Jenkins",
            "phoneNumber": "0471864903",
            "email": "ella.jenkins@hotmail.com",
            "address": 99051,
            "activeJobs": [
                {
                    "requestID": "r20",
                    "serviceType": "Electrical",
                    "jobDescription": "MCB & Fuse",
                    "address": 99051,
                    "quotedCost": "$323.99"
                },
                {
                    "requestID": "r21",
                    "serviceType": "Painting",
                    "jobDescription": "Fence Painting",
                    "address": 99051,
                    "quotedCost": "$3819.37"
                },
                {
                    "requestID": "r38",
                    "serviceType": "Plumbing",
                    "jobDescription": "Bath Fittings",
                    "address": 99051,
                    "quotedCost": "$75.93"
                },
                {
                    "requestID": "r75",
                    "serviceType": "Plumbing",
                    "jobDescription": "Basin & Sink",
                    "address": 99051,
                    "quotedCost": "$3813.00"
                }
            ],
            "completedJobs": [],
            "password": "EllaJenkins",
            "membership": false,
            "wallet": 1000
        },
        {
            "clientID": "c50",
            "firstName": "Liam",
            "lastName": "Richardson",
            "phoneNumber": "0449441543",
            "email": "liam.richardson@outlook.com",
            "address": 15677,
            "activeJobs": [
                {
                    "requestID": "r06",
                    "serviceType": "Plumbing",
                    "jobDescription": "Toilet",
                    "address": 15677,
                    "quotedCost": "$2788.25"
                }
            ],
            "completedJobs": [],
            "password": "LiamRichardson",
            "membership": false,
            "wallet": 1000
        }
    ]
}