{
    "services": [
        {
            "requestID": "r01",
            "serviceType": "Carpentry",
            "jobDescription": "Bed",
            "address": 16214,
            "quotedCost": "$1483.03"
        },
        {
            "requestID": "r02",
            "serviceType": "Plumbing",
            "jobDescription": "Water Tank",
            "address": 19660,
            "quotedCost": "$642.28"
        },
        {
            "requestID": "r03",
            "serviceType": "Electrical",
            "jobDescription": "Switch and Socket",
            "address": 63894,
            "quotedCost": "$506.85"
        },
        {
            "requestID": "r04",
            "serviceType": "Plumbing",
            "jobDescription": "Toilet",
            "address": 38074,
            "quotedCost": "$677.70"
        },
        {
            "requestID": "r05",
            "serviceType": "Painting",
            "jobDescription": "Trim Painting",
            "address": 83693,
            "quotedCost": "$392.85"
        },
        {
            "requestID": "r06",
            "serviceType": "Plumbing",
            "jobDescription": "Toilet",
            "address": 15677,
            "quotedCost": "$2788.25"
        },
        {
            "requestID": "r07",
            "serviceType": "Painting",
            "jobDescription": "Exterior Painting",
            "address": 74947,
            "quotedCost": "$790.89"
        },
        {
            "requestID": "r08",
            "serviceType": "Carpentry",
            "jobDescription": "Window & Curtain",
            "address": 23868,
            "quotedCost": "$719.23"
        },
        {
            "requestID": "r09",
            "serviceType": "Carpentry",
            "jobDescription": "Door",
            "address": 31168,
            "quotedCost": "$442.34"
        },
        {
            "requestID": "r10",
            "serviceType": "Plumbing",
            "jobDescription": "Bath Fittings",
            "address": 40999,
            "quotedCost": "$2830.90"
        },
        {
            "requestID": "r11",
            "serviceType": "Electrical",
            "jobDescription": "MCB & Fuse",
            "address": 76214,
            "quotedCost": "$974.67"
        },
        {
            "requestID": "r12",
            "serviceType": "Electrical",
            "jobDescription": "Wiring",
            "address": 24547,
            "quotedCost": "$712.49"
        },
        {
            "requestID": "r13",
            "serviceType": "Electrical",
            "jobDescription": "MCB & Fuse",
            "address": 12264,
            "quotedCost": "$751.26"
        },
        {
            "requestID": "r14",
            "serviceType": "Carpentry",
            "jobDescription": "Cupboard & Drawer",
            "address": 24547,
            "quotedCost": "$796.50"
        },
        {
            "requestID": "r15",
            "serviceType": "Plumbing",
            "jobDescription": "Toilet",
            "address": 29498,
            "quotedCost": "$749.56"
        },
        {
            "requestID": "r16",
            "serviceType": "Landscaping",
            "jobDescription": "Hedge Trimming",
            "address": 9585,
            "quotedCost": "$699.36"
        },
        {
            "requestID": "r17",
            "serviceType": "Carpentry",
            "jobDescription": "Furniture Repair",
            "address": 87609,
            "quotedCost": "$829.02"
        },
        {
            "requestID": "r18",
            "serviceType": "Electrical",
            "jobDescription": "Appliances",
            "address": 95289,
            "quotedCost": "$57.60"
        },
        {
            "requestID": "r19",
            "serviceType": "Plumbing",
            "jobDescription": "Water Tank",
            "address": 90478,
            "quotedCost": "$88.31"
        },
        {
            "requestID": "r20",
            "serviceType": "Electrical",
            "jobDescription": "MCB & Fuse",
            "address": 99051,
            "quotedCost": "$323.99"
        },
        {
            "requestID": "r21",
            "serviceType": "Painting",
            "jobDescription": "Fence Painting",
            "address": 99051,
            "quotedCost": "$3819.37"
        },
        {
            "requestID": "r22",
            "serviceType": "Carpentry",
            "jobDescription": "Window & Curtain",
            "address": 16214,
            "quotedCost": "$984.20"
        },
        {
            "requestID": "r23",
            "serviceType": "Plumbing",
            "jobDescription": "Basin & Sink",
            "address": 64085,
            "quotedCost": "$258.36"
        },
        {
            "requestID": "r24",
            "serviceType": "Landscaping",
            "jobDescription": "Weeding",
            "address": 23868,
            "quotedCost": "$3212.50"
        },
        {
            "requestID": "r25",
            "serviceType": "Electrical",
            "jobDescription": "Wiring",
            "address": 17139,
            "quotedCost": "$278.80"
        },
        {
            "requestID": "r26",
            "serviceType": "Electrical",
            "jobDescription": "Wiring",
            "address": 29498,
            "quotedCost": "$3173.61"
        },
        {
            "requestID": "r27",
            "serviceType": "Painting",
            "jobDescription": "Exterior Painting",
            "address": 21291,
            "quotedCost": "$507.92"
        },
        {
            "requestID": "r28",
            "serviceType": "Carpentry",
            "jobDescription": "Door",
            "address": 91226,
            "quotedCost": "$406.33"
        },
        {
            "requestID": "r29",
            "serviceType": "Carpentry",
            "jobDescription": "Door",
            "address": 91226,
            "quotedCost": "$884.80"
        },
        {
            "requestID": "r30",
            "serviceType": "Painting",
            "jobDescription": "Exterior Painting",
            "address": 37351,
            "quotedCost": "$2176.49"
        },
        {
            "requestID": "r31",
            "serviceType": "Carpentry",
            "jobDescription": "Bed",
            "address": 2655,
            "quotedCost": "$78.83"
        },
        {
            "requestID": "r32",
            "serviceType": "Landscaping",
            "jobDescription": "Hedge Trimming",
            "address": 67657,
            "quotedCost": "$969.30"
        },
        {
            "requestID": "r33",
            "serviceType": "Plumbing",
            "jobDescription": "Bath Fittings",
            "address": 57982,
            "quotedCost": "$531.75"
        },
        {
            "requestID": "r34",
            "serviceType": "Painting",
            "jobDescription": "Ceiling Painting",
            "address": 11983,
            "quotedCost": "$67.03"
        },
        {
            "requestID": "r35",
            "serviceType": "Painting",
            "jobDescription": "Exterior Painting",
            "address": 9085,
            "quotedCost": "$634.36"
        },
        {
            "requestID": "r36",
            "serviceType": "Painting",
            "jobDescription": "Trim Painting",
            "address": 64085,
            "quotedCost": "$93.70"
        },
        {
            "requestID": "r37",
            "serviceType": "Landscaping",
            "jobDescription": "Pruning",
            "address": 17139,
            "quotedCost": "$1950.10"
        },
        {
            "requestID": "r38",
            "serviceType": "Plumbing",
            "jobDescription": "Bath Fittings",
            "address": 99051,
            "quotedCost": "$75.93"
        },
        {
            "requestID": "r39",
            "serviceType": "Landscaping",
            "jobDescription": "Lawn Mowing",
            "address": 18410,
            "quotedCost": "$243.42"
        },
        {
            "requestID": "r40",
            "serviceType": "Electrical",
            "jobDescription": "Appliances",
            "address": 2655,
            "quotedCost": "$137.13"
        },
        {
            "requestID": "r41",
            "serviceType": "Painting",
            "jobDescription": "Ceiling Painting",
            "address": 59798,
            "quotedCost": "$184.55"
        },
        {
            "requestID": "r42",
            "serviceType": "Electrical",
            "jobDescription": "Switch and Socket",
            "address": 99449,
            "quotedCost": "$429.87"
        },
        {
            "requestID": "r43",
            "serviceType": "Carpentry",
            "jobDescription": "Furniture Repair",
            "address": 76214,
            "quotedCost": "$205.97"
        },
        {
            "requestID": "r44",
            "serviceType": "Carpentry",
            "jobDescription": "Window & Curtain",
            "address": 67657,
            "quotedCost": "$72.15"
        },
        {
            "requestID": "r45",
            "serviceType": "Carpentry",
            "jobDescription": "Window & Curtain",
            "address": 9023,
            "quotedCost": "$764.44"
        },
        {
            "requestID": "r46",
            "serviceType": "Plumbing",
            "jobDescription": "Bath Fittings",
            "address": 83693,
            "quotedCost": "$218.47"
        },
        {
            "requestID": "r47",
            "serviceType": "Painting",
            "jobDescription": "Wall Painting",
            "address": 9023,
            "quotedCost": "$600.23"
        },
        {
            "requestID": "r48",
            "serviceType": "Painting",
            "jobDescription": "Wall Painting",
            "address": 46789,
            "quotedCost": "$772.77"
        },
        {
            "requestID": "r49",
            "serviceType": "Painting",
            "jobDescription": "Fence Painting",
            "address": 23868,
            "quotedCost": "$880.33"
        },
        {
            "requestID": "r50",
            "serviceType": "Painting",
            "jobDescription": "Fence Painting",
            "address": 83693,
            "quotedCost": "$672.19"
        },
        {
            "requestID": "r51",
            "serviceType": "Plumbing",
            "jobDescription": "Bath Fittings",
            "address": 84380,
            "quotedCost": "$355.99"
        },
        {
            "requestID": "r52",
            "serviceType": "Painting",
            "jobDescription": "Exterior Painting",
            "address": 18410,
            "quotedCost": "$786.21"
        },
        {
            "requestID": "r53",
            "serviceType": "Carpentry",
            "jobDescription": "Furniture Repair",
            "address": 47493,
            "quotedCost": "$416.61"
        },
        {
            "requestID": "r54",
            "serviceType": "Electrical",
            "jobDescription": "MCB & Fuse",
            "address": 31168,
            "quotedCost": "$223.20"
        },
        {
            "requestID": "r55",
            "serviceType": "Plumbing",
            "jobDescription": "Water Tank",
            "address": 42603,
            "quotedCost": "$237.28"
        },
        {
            "requestID": "r56",
            "serviceType": "Electrical",
            "jobDescription": "Wiring",
            "address": 12264,
            "quotedCost": "$95.97"
        },
        {
            "requestID": "r57",
            "serviceType": "Carpentry",
            "jobDescription": "Door",
            "address": 17139,
            "quotedCost": "$405.11"
        },
        {
            "requestID": "r58",
            "serviceType": "Carpentry",
            "jobDescription": "Furniture Repair",
            "address": 87609,
            "quotedCost": "$534.51"
        },
        {
            "requestID": "r59",
            "serviceType": "Carpentry",
            "jobDescription": "Door",
            "address": 19660,
            "quotedCost": "$3422.61"
        },
        {
            "requestID": "r60",
            "serviceType": "Electrical",
            "jobDescription": "MCB & Fuse",
            "address": 95289,
            "quotedCost": "$1052.80"
        },
        {
            "requestID": "r61",
            "serviceType": "Painting",
            "jobDescription": "Fence Painting",
            "address": 74947,
            "quotedCost": "$422.28"
        },
        {
            "requestID": "r62",
            "serviceType": "Landscaping",
            "jobDescription": "Pruning",
            "address": 31168,
            "quotedCost": "$165.49"
        },
        {
            "requestID": "r63",
            "serviceType": "Carpentry",
            "jobDescription": "Window & Curtain",
            "address": 6529,
            "quotedCost": "$1499.29"
        },
        {
            "requestID": "r64",
            "serviceType": "Painting",
            "jobDescription": "Trim Painting",
            "address": 37351,
            "quotedCost": "$301.43"
        },
        {
            "requestID": "r65",
            "serviceType": "Landscaping",
            "jobDescription": "Lawn Mowing",
            "address": 76214,
            "quotedCost": "$922.54"
        },
        {
            "requestID": "r66",
            "serviceType": "Plumbing",
            "jobDescription": "Leakages",
            "address": 88554,
            "quotedCost": "$827.79"
        },
        {
            "requestID": "r67",
            "serviceType": "Carpentry",
            "jobDescription": "Furniture Repair",
            "address": 76214,
            "quotedCost": "$2487.06"
        },
        {
            "requestID": "r68",
            "serviceType": "Landscaping",
            "jobDescription": "Hedge Trimming",
            "address": 38074,
            "quotedCost": "$2905.24"
        },
        {
            "requestID": "r69",
            "serviceType": "Landscaping",
            "jobDescription": "Lawn Mowing",
            "address": 84380,
            "quotedCost": "$845.88"
        },
        {
            "requestID": "r70",
            "serviceType": "Plumbing",
            "jobDescription": "Water Tank",
            "address": 95289,
            "quotedCost": "$734.28"
        },
        {
            "requestID": "r71",
            "serviceType": "Electrical",
            "jobDescription": "MCB & Fuse",
            "address": 29498,
            "quotedCost": "$972.36"
        },
        {
            "requestID": "r72",
            "serviceType": "Carpentry",
            "jobDescription": "Bed",
            "address": 99449,
            "quotedCost": "$2897.31"
        },
        {
            "requestID": "r73",
            "serviceType": "Landscaping",
            "jobDescription": "Pruning",
            "address": 18410,
            "quotedCost": "$1678.48"
        },
        {
            "requestID": "r74",
            "serviceType": "Electrical",
            "jobDescription": "Appliances",
            "address": 57982,
            "quotedCost": "$891.37"
        },
        {
            "requestID": "r75",
            "serviceType": "Plumbing",
            "jobDescription": "Basin & Sink",
            "address": 99051,
            "quotedCost": "$3813.00"
        },
        {
            "requestID": "r76",
            "serviceType": "Painting",
            "jobDescription": "Exterior Painting",
            "address": 40999,
            "quotedCost": "$812.65"
        },
        {
            "requestID": "r77",
            "serviceType": "Painting",
            "jobDescription": "Wall Painting",
            "address": 67237,
            "quotedCost": "$911.48"
        },
        {
            "requestID": "r78",
            "serviceType": "Painting",
            "jobDescription": "Exterior Painting",
            "address": 18410,
            "quotedCost": "$73.58"
        },
        {
            "requestID": "r79",
            "serviceType": "Plumbing",
            "jobDescription": "Leakages",
            "address": 47493,
            "quotedCost": "$519.26"
        },
        {
            "requestID": "r80",
            "serviceType": "Landscaping",
            "jobDescription": "Pruning",
            "address": 9585,
            "quotedCost": "$263.55"
        },
        {
            "requestID": "r81",
            "serviceType": "Plumbing",
            "jobDescription": "Basin & Sink",
            "address": 91226,
            "quotedCost": "$840.54"
        },
        {
            "requestID": "r82",
            "serviceType": "Landscaping",
            "jobDescription": "Landscape Design",
            "address": 94122,
            "quotedCost": "$93.69"
        },
        {
            "requestID": "r83",
            "serviceType": "Painting",
            "jobDescription": "Exterior Painting",
            "address": 9085,
            "quotedCost": "$683.77"
        },
        {
            "requestID": "r84",
            "serviceType": "Electrical",
            "jobDescription": "MCB & Fuse",
            "address": 91226,
            "quotedCost": "$877.76"
        },
        {
            "requestID": "r85",
            "serviceType": "Landscaping",
            "jobDescription": "Weeding",
            "address": 13625,
            "quotedCost": "$210.76"
        },
        {
            "requestID": "r86",
            "serviceType": "Carpentry",
            "jobDescription": "Window & Curtain",
            "address": 93548,
            "quotedCost": "$495.86"
        },
        {
            "requestID": "r87",
            "serviceType": "Landscaping",
            "jobDescription": "Landscape Design",
            "address": 36875,
            "quotedCost": "$2789.33"
        },
        {
            "requestID": "r88",
            "serviceType": "Painting",
            "jobDescription": "Fence Painting",
            "address": 9585,
            "quotedCost": "$200.27"
        },
        {
            "requestID": "r89",
            "serviceType": "Electrical",
            "jobDescription": "Door Bell",
            "address": 9585,
            "quotedCost": "$859.14"
        },
        {
            "requestID": "r90",
            "serviceType": "Carpentry",
            "jobDescription": "Window & Curtain",
            "address": 5360,
            "quotedCost": "$1880.84"
        },
        {
            "requestID": "r91",
            "serviceType": "Landscaping",
            "jobDescription": "Pruning",
            "address": 87609,
            "quotedCost": "$143.14"
        },
        {
            "requestID": "r92",
            "serviceType": "Landscaping",
            "jobDescription": "Weeding",
            "address": 78162,
            "quotedCost": "$54.92"
        },
        {
            "requestID": "r93",
            "serviceType": "Painting",
            "jobDescription": "Trim Painting",
            "address": 24547,
            "quotedCost": "$275.92"
        },
        {
            "requestID": "r94",
            "serviceType": "Electrical",
            "jobDescription": "Wiring",
            "address": 36875,
            "quotedCost": "$2006.57"
        },
        {
            "requestID": "r95",
            "serviceType": "Painting",
            "jobDescription": "Trim Painting",
            "address": 64085,
            "quotedCost": "$479.97"
        },
        {
            "requestID": "r96",
            "serviceType": "Carpentry",
            "jobDescription": "Cupboard & Drawer",
            "address": 11983,
            "quotedCost": "$47.25"
        },
        {
            "requestID": "r97",
            "serviceType": "Electrical",
            "jobDescription": "Appliances",
            "address": 5360,
            "quotedCost": "$724.01"
        },
        {
            "requestID": "r98",
            "serviceType": "Plumbing",
            "jobDescription": "Toilet",
            "address": 23868,
            "quotedCost": "$826.45"
        },
        {
            "requestID": "r99",
            "serviceType": "Painting",
            "jobDescription": "Fence Painting",
            "address": 37351,
            "quotedCost": "$2976.95"
        },
        {
            "requestID": "r100",
            "serviceType": "Landscaping",
            "jobDescription": "Lawn Mowing",
            "address": 44001,
            "quotedCost": "$554.09"
        }
    ]
}