{
    "electrical": [
        "Switch and Socket",
        "MCB & Fuse",
        "Wiring",
        "Appliances",
        "Door Bell"
    ],
    "plumbing": [
        "Water Tank",
        "Toilet",
        "Bath Fittings",
        "Basin & Sink",
        "Leakages"
    ],
    "carpentry": [
        "Bed",
        "Window & Curtain",
        "Door",
        "Cupboard & Drawer",
        "Furniture Repair"
    ],
    "landscaping": [
        "Hedge Trimming",
        "Weeding",
        "Pruning",
        "Lawn Mowing",
        "Landscape Design"
    ],
    "painting": [
        "Trim Painting",
        "Exterior Painting",
        "Fence Painting",
        "Ceiling Painting",
        "Wall Painting"
    ]
}