{
    "tradies": [
        {
            "tradieID": "t01",
            "firstName": "Eliana",
            "lastName": "Peters",
            "phoneNumber": "0474137354",
            "email": "eliana.peters@outlook.com",
            "type": "Carpentry",
            "address": 12781,
            "activeJobs": [],
            "completedJobs": [],
            "password": "ElianaPeters",
            "membership": false,
            "wallet": 1000
        },
        {
            "tradieID": "t02",
            "firstName": "Patrick",
            "lastName": "Bates",
            "phoneNumber": "0465783224",
            "email": "patrick.bates@gmail.com",
            "type": "Electrical",
            "address": 44782,
            "activeJobs": [],
            "completedJobs": [],
            "password": "PatrickBates",
            "membership": false,
            "wallet": 1000
        },
        {
            "tradieID": "t03",
            "firstName": "Madilyn",
            "lastName": "Castaneda",
            "phoneNumber": "0452382088",
            "email": "madilyn.castaneda@hotmail.com",
            "type": "Plumbing",
            "address": 40601,
            "activeJobs": [],
            "completedJobs": [],
            "password": "MadilynCastaneda",
            "membership": false,
            "wallet": 1000
        },
        {
            "tradieID": "t04",
            "firstName": "Collin",
            "lastName": "Rodgers",
            "phoneNumber": "0497503314",
            "email": "collin.rodgers@outlook.com",
            "type": "Plumbing",
            "address": 46947,
            "activeJobs": [],
            "completedJobs": [],
            "password": "CollinRodgers",
            "membership": false,
            "wallet": 1000
        },
        {
            "tradieID": "t05",
            "firstName": "Selah",
            "lastName": "Juarez",
            "phoneNumber": "0471394635",
            "email": "selah.juarez@outlook.com",
            "type": "Plumbing",
            "address": 30590,
            "activeJobs": [],
            "completedJobs": [],
            "password": "SelahJuarez",
            "membership": false,
            "wallet": 1000
        },
        {
            "tradieID": "t06",
            "firstName": "Joaquin",
            "lastName": "Mason",
            "phoneNumber": "0439960855",
            "email": "joaquin.mason@hotmail.com",
            "type": "Landscaping",
            "address": 43191,
            "activeJobs": [],
            "completedJobs": [],
            "password": "JoaquinMason",
            "membership": false,
            "wallet": 1000
        },
        {
            "tradieID": "t07",
            "firstName": "Sienna",
            "lastName": "Powers",
            "phoneNumber": "0481658474",
            "email": "sienna.powers@outlook.com",
            "type": "Electrical",
            "address": 60957,
            "activeJobs": [],
            "completedJobs": [],
            "password": "SiennaPowers",
            "membership": false,
            "wallet": 1000
        },
        {
            "tradieID": "t08",
            "firstName": "Sean",
            "lastName": "Curry",
            "phoneNumber": "0488782967",
            "email": "sean.curry@gmail.com",
            "type": "Landscaping",
            "address": 1301,
            "activeJobs": [],
            "completedJobs": [],
            "password": "SeanCurry",
            "membership": false,
            "wallet": 1000
        },
        {
            "tradieID": "t09",
            "firstName": "Alison",
            "lastName": "Zuniga",
            "phoneNumber": "0417108951",
            "email": "alison.zuniga@hotmail.com",
            "type": "Plumbing",
            "address": 64033,
            "activeJobs": [],
            "completedJobs": [],
            "password": "AlisonZuniga",
            "membership": false,
            "wallet": 1000
        },
        {
            "tradieID": "t10",
            "firstName": "Sincere",
            "lastName": "Arellano",
            "phoneNumber": "0473317391",
            "email": "sincere.arellano@gmail.com",
            "type": "Carpentry",
            "address": 10618,
            "activeJobs": [
                {
                    "requestID": "r01",
                    "serviceType": "Carpentry",
                    "jobDescription": "Bed",
                    "address": 16214,
                    "quotedCost": "$1483.03"
                }
            ],
            "completedJobs": [],
            "password": "SincereArellano",
            "membership": false,
            "wallet": 1000
        },
        {
            "tradieID": "t11",
            "firstName": "Faye",
            "lastName": "Galvan",
            "phoneNumber": "0496186714",
            "email": "faye.galvan@outlook.com",
            "type": "Carpentry",
            "address": 27189,
            "activeJobs": [],
            "completedJobs": [],
            "password": "FayeGalvan",
            "membership": false,
            "wallet": 1000
        },
        {
            "tradieID": "t12",
            "firstName": "Kingsley",
            "lastName": "Bender",
            "phoneNumber": "0441265054",
            "email": "kingsley.bender@hotmail.com",
            "type": "Landscaping",
            "address": 12881,
            "activeJobs": [],
            "completedJobs": [],
            "password": "KingsleyBender",
            "membership": false,
            "wallet": 1000
        },
        {
            "tradieID": "t13",
            "firstName": "Lilyana",
            "lastName": "Castaneda",
            "phoneNumber": "0466929384",
            "email": "lilyana.castaneda@hotmail.com",
            "type": "Plumbing",
            "address": 36761,
            "activeJobs": [],
            "completedJobs": [],
            "password": "LilyanaCastaneda",
            "membership": false,
            "wallet": 1000
        },
        {
            "tradieID": "t14",
            "firstName": "Collin",
            "lastName": "Gomez",
            "phoneNumber": "0487826202",
            "email": "collin.gomez@outlook.com",
            "type": "Plumbing",
            "address": 82639,
            "activeJobs": [],
            "completedJobs": [],
            "password": "CollinGomez",
            "membership": false,
            "wallet": 1000
        },
        {
            "tradieID": "t15",
            "firstName": "Natalie",
            "lastName": "Huerta",
            "phoneNumber": "0478958728",
            "email": "natalie.huerta@hotmail.com",
            "type": "Carpentry",
            "address": 28213,
            "activeJobs": [],
            "completedJobs": [],
            "password": "NatalieHuerta",
            "membership": false,
            "wallet": 1000
        },
        {
            "tradieID": "t16",
            "firstName": "Douglas",
            "lastName": "Yoder",
            "phoneNumber": "0440943789",
            "email": "douglas.yoder@gmail.com",
            "type": "Painting",
            "address": 17412,
            "activeJobs": [],
            "completedJobs": [],
            "password": "DouglasYoder",
            "membership": false,
            "wallet": 1000
        },
        {
            "tradieID": "t17",
            "firstName": "Emerie",
            "lastName": "Lugo",
            "phoneNumber": "0446329179",
            "email": "emerie.lugo@hotmail.com",
            "type": "Landscaping",
            "address": 31382,
            "activeJobs": [],
            "completedJobs": [],
            "password": "EmerieLugo",
            "membership": false,
            "wallet": 1000
        },
        {
            "tradieID": "t18",
            "firstName": "Santos",
            "lastName": "Macias",
            "phoneNumber": "0460418117",
            "email": "santos.macias@outlook.com",
            "type": "Electrical",
            "address": 80022,
            "activeJobs": [],
            "completedJobs": [],
            "password": "SantosMacias",
            "membership": false,
            "wallet": 1000
        },
        {
            "tradieID": "t19",
            "firstName": "Adley",
            "lastName": "Sawyer",
            "phoneNumber": "0443986957",
            "email": "adley.sawyer@hotmail.com",
            "type": "Painting",
            "address": 73978,
            "activeJobs": [],
            "completedJobs": [],
            "password": "AdleySawyer",
            "membership": false,
            "wallet": 1000
        },
        {
            "tradieID": "t20",
            "firstName": "Jefferson",
            "lastName": "Vasquez",
            "phoneNumber": "0443587098",
            "email": "jefferson.vasquez@outlook.com",
            "type": "Carpentry",
            "address": 1711,
            "activeJobs": [],
            "completedJobs": [],
            "password": "JeffersonVasquez",
            "membership": false,
            "wallet": 1000
        }
    ]
}