<?xml version="1.0" ?>

<dailyUpdate campus="Woolloomooloo" date="24/02/2016">
	<staff operation="update">
		<staffNumber>0154728</staffNumber>
		<firstName>John</firstName>
		<lastName>Smith</lastName>
	</staff>

	<staff operation="add">
		<staffNumber>5287523</staffNumber>
		<firstName>Mary</firstName>
		<lastName>Jane</lastName>
	</staff>
	
	<staff operation="add">
		<staffNumber>2938718</staffNumber>
		<firstName>Graham</firstName>
		<lastName>Jones</lastName>
	</staff>
	
	<staff operation="update">
		<staffNumber>7839287</staffNumber>
		<firstName>Frederik</firstName>
		<lastName>Clay</lastName>
	</staff>
	
	<staff operation="add">
		<staffNumber>2283784</staffNumber>
		<firstName>Penelope</firstName>
		<lastName>Cruz</lastName>
	</staff>
</dailyUpdate>
