{
  "topic":"Formula 1 Racing",
  "subject":"Top 10 Driver Statistics",
  "source":"Wikipedia",
  "sourceUrl":"https://en.wikipedia.org/wiki/List_of_Formula_One_Grand_Prix_winners#By_driver",
  "driverStats":
  [
    {
      "name":"Lewis Hamilton",
      "rank":"1",
      "wins":98,
      "starts":274,
      "link":"https://en.wikipedia.org/wiki/Lewis_Hamilton"
    },
    {
      "name":"Michael Schumacher",
      "rank":"2",
      "wins":91,
      "starts":306,
      "link":"https://en.wikipedia.org/wiki/Michael_Schumacher"
    }
    {

      "name":"Sebastian Vettel",
      "rank":"3",
      "wins":53,
      "starts":265,
      "link":"https://en.wikipedia.org/wiki/Sebastian_Vettel"
    }
    {
      "name":"Alain Prost",
      "rank":"4",
      "wins":51,
      "starts":199,
      "link":"https://en.wikipedia.org/wiki/Alain_Prost"
    }
    {
      "name":"Ayrton Senna",
      "rank":"5",
      "wins":41,
      "starts":161,
      "link":"https://en.wikipedia.org/wiki/Ayrton_Senna"
    }
    {
      "name":"Fernando Alonso",
      "rank":"6",
      "wins":32,
      "starts":319,
      "link":"https://en.wikipedia.org/wiki/Fernando_Alonso"
    }
    {
      "name":"Nigel Mansell",
      "rank":"7",
      "wins":31,
      "starts":187,
      "link":"https://en.wikipedia.org/wiki/Nigel_Mansell"
    }
    {
      "name":"Jackie Stewart",
      "rank":"8",
      "wins":27,
      "starts":99,
      "link":"https://en.wikipedia.org/wiki/Jackie_Stewart"
    }
    {
      "name":"Jim Clark",
      "rank":"= 9",
      "wins":25,
      "starts":72,
      "link":"https://en.wikipedia.org/wiki/Jim_Clark"
    }
    {
      "name":"Niki Lauda",
      "rank":"= 9",
      "wins":25,
      "starts":171,
      "link":"https://en.wikipedia.org/wiki/Niki_Lauda"
    }
  ]
}